Store,Brand,Description,Week,SalesQuantity,TotalSalesPrice,PurchaseQuantity,TotalPurchasePrice,BegInv,EndInv,COGS,InventoryValue,InventoryTurnover,DOI
1,62,Herradura Silver Tequila,1,4,167.96,0,0,22,30,114.68,860.1,4.410769231,11.78932682
1,62,Herradura Silver Tequila,2,3,125.97,0,0,10,7,86.01,200.69,10.11882353,5.138937333
1,62,Herradura Silver Tequila,3,4,167.96,24,688.08,38,58,114.68,1662.86,2.389166667,21.76491106
1,62,Herradura Silver Tequila,4,3,125.97,0,0,17,14,86.01,401.38,5.549032258,9.371003372
1,62,Herradura Silver Tequila,5,1,36.99,0,0,14,13,28.67,372.71,2.123703704,24.48552494
1,62,Herradura Silver Tequila,6,2,73.98,0,0,13,11,57.34,315.37,4.778333333,10.88245553
1,62,Herradura Silver Tequila,7,8,295.92,24,688.08,60,68,229.36,1949.56,3.58375,14.5099407
1,62,Herradura Silver Tequila,8,20,739.8,16,458.72,66,70,573.4,2006.9,8.432352941,6.166724799
1,62,Herradura Silver Tequila,9,8,295.92,188,5389.96,158,338,229.36,9690.46,0.92483871,56.22602023
1,273,Sauza Extra Gold Tequila,1,45,1016.55,54,934.74,447,540,778.95,9347.4,1.578419453,32.94434816
1,273,Sauza Extra Gold Tequila,2,3,68.97,0,0,60,87,51.93,1505.97,0.706530612,73.59907568
1,273,Sauza Extra Gold Tequila,3,3,68.97,0,0,87,84,51.93,1454.04,0.607368421,85.6152513
1,273,Sauza Extra Gold Tequila,4,6,137.94,0,0,84,78,103.86,1350.18,1.282222222,40.55459272
1,273,Sauza Extra Gold Tequila,5,16,375.84,24,415.44,320,324,276.96,5608.44,0.860124224,60.45638359
1,273,Sauza Extra Gold Tequila,6,24,599.76,20,346.2,322,322,415.44,5573.82,1.290186335,40.30425573
1,273,Sauza Extra Gold Tequila,7,3,74.97,0,0,80,77,51.93,1332.87,0.661528662,78.60581552
1,273,Sauza Extra Gold Tequila,8,4,99.96,32,553.92,336,350,69.24,6058.5,0.201865889,257.5967649
1,273,Sauza Extra Gold Tequila,9,3,74.97,74,1280.94,84,165,51.93,2856.15,0.104277108,498.6712883
1,415,Jose Cuervo Especial,1,54,1133.46,108,1408.32,477,594,704.16,7745.76,1.314957983,39.54498978
1,415,Jose Cuervo Especial,2,4,83.96,0,0,66,95,52.16,1238.8,0.647950311,80.25306748
1,415,Jose Cuervo Especial,3,32,671.68,40,521.6,384,392,417.28,5111.68,1.075463918,48.35122699
1,415,Jose Cuervo Especial,4,20,419.8,48,625.92,424,438,260.8,5711.52,0.605104408,85.93558282
1,415,Jose Cuervo Especial,5,4,83.96,0,0,106,109,52.16,1421.36,0.485209302,107.1702454
1,415,Jose Cuervo Especial,6,8,167.92,0,0,109,101,104.32,1317.04,0.99352381,52.33895706
1,415,Jose Cuervo Especial,7,8,167.92,48,625.92,444,464,104.32,6050.56,0.229779736,226.303681
1,415,Jose Cuervo Especial,8,32,671.68,44,573.76,476,502,417.28,6546.08,0.853333333,60.9375
1,415,Jose Cuervo Especial,9,12,251.88,500,6520,746,1240,156.48,16169.6,0.157583082,329.9846626
1,482,Absolut 80 Proof,1,63,1313.37,306,4369.68,324,486,899.64,6940.08,2.221333333,23.40936375
1,482,Absolut 80 Proof,2,11,241.89,0,0,54,70,157.08,999.6,2.533548387,20.52457347
1,482,Absolut 80 Proof,3,52,1143.48,72,1028.16,290,310,742.56,4426.8,2.4752,21.00840336
1,482,Absolut 80 Proof,4,28,615.72,72,1028.16,364,386,399.84,5512.08,1.06624,48.7695078
1,482,Absolut 80 Proof,5,6,131.94,0,0,91,96,85.68,1370.88,0.916363636,56.74603175
1,482,Absolut 80 Proof,6,52,1143.48,48,685.44,380,378,742.56,5397.84,1.959261214,26.54061625
1,482,Absolut 80 Proof,7,20,439.8,36,514.08,386,400,285.6,5712,0.726717557,71.55462185
1,482,Absolut 80 Proof,8,24,527.76,36,514.08,414,426,342.72,6083.28,0.816,63.7254902
1,482,Absolut 80 Proof,9,12,263.88,628,8967.84,740,1356,171.36,19363.68,0.16351145,318.0205415
1,497,Capt Morgan Spiced Rum,1,18,359.82,216,3175.2,390,684,264.6,10054.8,0.49273743,105.5328798
1,497,Capt Morgan Spiced Rum,2,88,1759.12,92,1352.4,458,462,1293.6,6791.4,2.812173913,18.49103278
1,497,Capt Morgan Spiced Rum,3,3,59.97,0,0,116,113,44.1,1661.1,0.385152838,135.0113379
1,497,Capt Morgan Spiced Rum,4,20,399.8,48,705.6,466,494,294,7261.8,0.6125,84.89795918
1,497,Capt Morgan Spiced Rum,5,40,799.6,36,529.2,506,502,588,7379.4,1.166666667,44.57142857
1,497,Capt Morgan Spiced Rum,6,5,99.95,0,0,125,120,73.5,1764,0.6,86.66666667
1,497,Capt Morgan Spiced Rum,7,24,479.76,48,705.6,492,516,352.8,7585.2,0.7,74.28571429
1,497,Capt Morgan Spiced Rum,8,2,39.98,0,0,132,130,29.4,1911,0.224427481,231.7006803
1,497,Capt Morgan Spiced Rum,9,20,399.8,600,8820,810,1390,294,20433,0.267272727,194.5578231
1,523,Castello Del Poggio Moscato,1,9,94.41,108,765.72,237,270,63.81,1914.3,0.251715976,206.5820404
1,523,Castello Del Poggio Moscato,2,2,20.98,0,0,15,43,14.18,304.87,0.488965517,106.3469676
1,523,Castello Del Poggio Moscato,3,1,10.49,0,0,43,42,7.09,297.78,0.166823529,311.7066291
1,523,Castello Del Poggio Moscato,4,20,209.8,44,311.96,192,204,141.8,1446.36,0.716161616,72.60930889
1,523,Castello Del Poggio Moscato,5,2,20.48,0,0,48,52,14.18,368.68,0.2836,183.3568406
1,523,Castello Del Poggio Moscato,6,1,9.99,0,0,52,51,7.09,361.59,0.137669903,377.7150917
1,523,Castello Del Poggio Moscato,7,20,199.8,48,340.32,232,246,141.8,1744.14,0.593305439,87.64456982
1,523,Castello Del Poggio Moscato,8,4,39.96,0,0,58,61,28.36,432.49,0.476638655,109.0973202
1,523,Castello Del Poggio Moscato,9,4,39.96,416,2949.44,450,862,28.36,6111.58,0.043231707,1202.820874
1,538,Amaretto DiSaronno,1,27,314.73,216,1719.36,315,378,214.92,3008.88,0.62025974,83.8358459
1,538,Amaretto DiSaronno,2,2,25.98,0,0,21,61,15.92,485.56,0.388292683,133.919598
1,538,Amaretto DiSaronno,3,12,155.88,40,318.4,272,286,95.52,2276.56,0.342365591,151.8844221
1,538,Amaretto DiSaronno,4,16,207.84,4,31.84,274,282,127.36,2244.72,0.458129496,113.5050251
1,538,Amaretto DiSaronno,5,28,359.72,44,350.24,298,300,222.88,2388,0.74541806,69.75951184
1,538,Amaretto DiSaronno,6,5,59.95,0,0,73,72,39.8,573.12,0.548965517,94.72361809
1,538,Amaretto DiSaronno,7,5,59.95,0,0,72,67,39.8,533.32,0.572661871,90.8040201
1,538,Amaretto DiSaronno,8,28,335.72,48,382.08,288,298,222.88,2372.08,0.760682594,68.35965542
1,538,Amaretto DiSaronno,9,24,295.76,192,1528.32,382,560,191.04,4457.6,0.405605096,128.2035176
1,661,Red Stag by Jim Beam,1,9,130.41,207,2067.93,759,990,89.91,9890.1,0.102813036,505.7724391
1,661,Red Stag by Jim Beam,2,7,101.43,0,0,110,158,69.93,1578.42,0.521865672,99.64249964
1,661,Red Stag by Jim Beam,3,12,173.88,44,439.56,648,680,119.88,6793.2,0.180542169,288.0213547
1,661,Red Stag by Jim Beam,4,5,72.45,0,0,174,169,49.95,1688.31,0.291253644,178.5385385
1,661,Red Stag by Jim Beam,5,4,57.96,0,0,169,165,39.96,1648.35,0.239281437,217.3173173
1,661,Red Stag by Jim Beam,6,36,521.64,48,479.52,672,678,359.64,6773.22,0.5328,97.5975976
1,661,Red Stag by Jim Beam,7,2,28.98,0,0,168,169,19.98,1688.31,0.118575668,438.5385385
1,661,Red Stag by Jim Beam,8,24,347.76,48,479.52,700,712,239.76,7112.88,0.339603399,153.1197865
1,661,Red Stag by Jim Beam,9,1,14.49,0,0,175,180,9.99,1798.2,0.05628169,923.9239239
1,812,Jagermeister Liqueur,1,27,620.73,108,1839.24,405,648,459.81,11035.44,0.873333333,59.54198473
1,812,Jagermeister Liqueur,2,5,114.95,0,0,108,103,85.15,1754.09,0.807109005,64.42748092
1,812,Jagermeister Liqueur,3,24,551.76,48,817.44,424,448,408.72,7629.44,0.937431193,55.47073791
1,812,Jagermeister Liqueur,4,10,229.9,0,0,115,105,170.3,1788.15,1.548181818,33.58778626
1,812,Jagermeister Liqueur,5,36,771.64,44,749.32,424,432,613.08,7356.96,1.432429907,36.30195081
1,812,Jagermeister Liqueur,6,52,1091.48,44,749.32,432,424,885.56,7220.72,2.069065421,25.13211979
1,812,Jagermeister Liqueur,7,48,1007.52,48,817.44,420,420,817.44,7152.6,1.946285714,26.71755725
1,812,Jagermeister Liqueur,8,44,923.56,48,817.44,422,426,749.32,7254.78,1.767264151,29.4240111
1,812,Jagermeister Liqueur,9,12,259.88,380,6471.4,796,980,204.36,16689.4,0.230135135,225.9541985
1,807,Jim Beam,1,27,485.73,108,1428.84,258,342,357.21,4524.66,1.1907,43.6717897
1,807,Jim Beam,2,8,143.92,0,0,38,49,105.84,648.27,2.433103448,21.37188209
1,807,Jim Beam,3,8,143.92,48,635.04,216,256,105.84,3386.88,0.448474576,115.9486017
1,807,Jim Beam,4,3,53.97,0,0,69,66,39.69,873.18,0.588,88.43537415
1,807,Jim Beam,5,16,295.84,44,582.12,292,306,211.68,4048.38,0.707959866,73.45049131
1,807,Jim Beam,6,5,99.95,0,0,73,75,66.15,992.25,0.893918919,58.17082389
1,807,Jim Beam,7,2,39.98,0,0,75,73,26.46,965.79,0.357567568,145.4270597
1,807,Jim Beam,8,1,19.99,0,0,73,72,13.23,952.56,0.182482759,284.9584278
1,807,Jim Beam,9,4,79.96,236,3122.28,404,636,52.92,8414.28,0.101769231,510.9599395
2,126,Grey Goose Vodka,1,90,2726.1,90,1812.6,396,396,1812.6,7975.44,4.577272727,11.36047666
2,126,Grey Goose Vodka,2,32,1055.68,24,483.36,168,252,644.48,5075.28,3.068952381,16.94389275
2,126,Grey Goose Vodka,3,4,131.96,24,483.36,272,278,80.56,5598.92,0.292945455,177.5074479
2,126,Grey Goose Vodka,4,16,527.84,24,483.36,282,300,322.24,6042,1.107353952,46.95878848
2,126,Grey Goose Vodka,5,1,32.99,0,0,76,75,20.14,1510.5,0.266754967,194.9354518
2,126,Grey Goose Vodka,6,8,223.92,16,341.92,56,60,170.96,1282.2,2.947586207,17.64155358
2,126,Grey Goose Vodka,7,3,83.97,0,0,14,13,64.11,277.81,4.748888889,10.94992981
2,126,Grey Goose Vodka,8,12,335.88,20,427.4,56,64,256.44,1367.68,4.274,12.16658868
2,126,Grey Goose Vodka,9,12,335.88,24,512.88,80,86,256.44,1837.82,3.089638554,16.83044767
2,408,Wild Turkey American Honey,1,1,14.49,0,0,11,10,11.41,114.1,1.086666667,47.85276074
2,408,Wild Turkey American Honey,2,1,17.99,0,0,28,27,12.97,350.19,0.471636364,110.2544333
2,408,Wild Turkey American Honey,3,1,17.99,0,0,27,26,12.97,337.22,0.489433962,106.2451812
2,408,Wild Turkey American Honey,4,3,53.97,0,0,26,23,38.91,298.31,1.588163265,32.74222565
2,408,Wild Turkey American Honey,5,1,17.99,0,0,23,22,12.97,285.34,0.576444444,90.20817271
2,408,Wild Turkey American Honey,6,1,20.99,0,0,33,32,13.04,417.28,0.401230769,129.601227
2,408,Wild Turkey American Honey,7,2,41.98,0,0,32,30,26.08,391.2,0.841290323,61.80981595
2,408,Wild Turkey American Honey,8,1,20.99,0,0,30,29,13.04,378.16,0.442033898,117.6380368
2,408,Wild Turkey American Honey,9,1,7.99,0,0,47,46,6.29,289.34,0.135268817,384.4197138
2,482,Seagrams 7 Crown,1,54,1151.46,108,1542.24,186,306,771.12,4369.68,3.134634146,16.58885777
2,482,Seagrams 7 Crown,2,3,65.97,0,0,51,48,42.84,685.44,0.865454545,60.08403361
2,482,Seagrams 7 Crown,3,20,439.8,48,685.44,206,234,285.6,3341.52,1.298181818,40.05602241
2,482,Seagrams 7 Crown,4,1,21.99,0,0,62,61,14.28,871.08,0.232195122,223.9495798
2,482,Seagrams 7 Crown,5,8,175.92,44,628.32,280,298,114.24,4255.44,0.395294118,131.547619
2,482,Seagrams 7 Crown,6,1,19.99,0,0,17,16,14.7,235.2,0.890909091,58.36734694
2,482,Seagrams 7 Crown,7,1,19.99,0,0,16,15,14.7,220.5,0.948387097,54.82993197
2,482,Seagrams 7 Crown,8,3,59.97,0,0,15,12,44.1,176.4,3.266666667,15.91836735
2,482,Seagrams 7 Crown,9,4,115.96,0,0,30,42,92.04,966.42,2.556666667,20.33898305
2,508,Bacardi Superior Rum,1,56,727.44,0,0,106,78,547.12,762.06,5.946956522,8.743968416
2,508,Bacardi Superior Rum,2,4,51.96,0,0,13,22,39.08,214.94,2.233142857,23.28556807
2,508,Bacardi Superior Rum,3,12,155.88,48,468.96,106,142,117.24,1387.34,0.945483871,54.9982941
2,508,Bacardi Superior Rum,4,72,935.28,48,468.96,148,124,703.44,1211.48,5.172352941,10.05345161
2,508,Bacardi Superior Rum,5,12,155.88,48,468.96,130,166,117.24,1621.82,0.792162162,65.64312521
2,508,Bacardi Superior Rum,6,4,41.96,0,0,38,36,28.36,255.24,0.766486486,67.84203103
2,508,Bacardi Superior Rum,7,24,251.76,48,340.32,60,84,170.16,595.56,2.363333333,22.00282087
2,508,Bacardi Superior Rum,8,5,52.45,0,0,18,19,35.45,134.71,1.916216216,27.13681241
2,508,Bacardi Superior Rum,9,8,319.92,24,744,24,40,248,1240,7.75,6.709677419
2,597,Baileys Irish Cream,1,8,223.92,0,0,196,192,172.24,4133.76,0.887835052,58.56943799
2,597,Baileys Irish Cream,2,3,83.97,0,0,32,61,64.59,1313.33,1.389032258,37.43613562
2,597,Baileys Irish Cream,3,2,55.98,0,0,61,59,43.06,1270.27,0.717666667,72.45703669
2,597,Baileys Irish Cream,4,2,55.98,0,0,59,57,43.06,1227.21,0.742413793,70.04180214
2,597,Baileys Irish Cream,5,1,14.49,0,0,51,50,9.99,499.5,0.197821782,262.8628629
2,597,Baileys Irish Cream,6,2,28.98,0,0,50,48,19.98,479.52,0.407755102,127.5275275
2,597,Baileys Irish Cream,7,3,43.47,0,0,48,45,29.97,449.55,0.644516129,80.68068068
2,597,Baileys Irish Cream,8,1,12.99,0,0,16,15,8.65,129.75,0.558064516,93.17919075
2,597,Baileys Irish Cream,9,1,12.99,0,0,15,14,8.65,121.1,0.596551724,87.16763006
2,757,Jim Beam Rye,1,4,71.96,0,0,54,78,55.8,1088.1,0.845454545,61.50537634
2,757,Jim Beam Rye,2,1,17.99,0,0,26,25,13.95,348.75,0.547058824,95.05376344
2,757,Jim Beam Rye,3,4,71.96,0,0,25,21,55.8,292.95,2.426086957,21.43369176
2,757,Jim Beam Rye,4,8,79.92,0,0,40,36,63.92,287.64,1.682105263,30.91364205
2,757,Jim Beam Rye,5,1,13.99,0,0,6,11,7.99,87.89,0.94,55.31914894
2,757,Jim Beam Rye,6,12,167.88,48,383.52,80,98,95.88,783.02,1.077303371,48.26866917
2,757,Jim Beam Rye,7,8,79.92,0,0,52,48,57.52,345.12,1.1504,45.20166898
2,757,Jim Beam Rye,8,1,13.99,0,0,8,15,7.19,107.85,0.625217391,83.17107093
2,757,Jim Beam Rye,9,1,13.99,0,0,15,14,7.19,100.66,0.495862069,104.867872
2,811,Jack Daniels No 7 Black,1,54,1547.46,99,1964.16,225,360,1071.36,7142.4,3.662769231,14.1969086
2,811,Jack Daniels No 7 Black,2,5,159.95,0,0,60,55,99.2,1091.2,1.725217391,30.14112903
2,811,Jack Daniels No 7 Black,3,3,95.97,0,0,55,52,59.52,1031.68,1.112523364,46.7405914
2,811,Jack Daniels No 7 Black,4,12,383.88,44,872.96,224,256,238.08,5079.04,0.992,52.41935484
2,811,Jack Daniels No 7 Black,5,1,31.99,0,0,68,67,19.84,1329.28,0.293925926,176.9153226
2,811,Jack Daniels No 7 Black,6,3,68.97,0,0,26,23,51.09,391.69,2.085306122,24.93638677
2,811,Jack Daniels No 7 Black,7,1,22.99,0,0,23,22,17.03,374.66,0.756888889,68.70229008
2,811,Jack Daniels No 7 Black,8,7,160.93,0,0,22,15,119.21,255.45,6.443783784,8.069792803
2,811,Jack Daniels No 7 Black,9,1,38.99,0,0,6,5,27.99,139.95,5.089090909,10.21793498
2,822,Tanqueray,1,9,242.91,99,1979.01,204,234,179.91,4677.66,0.821506849,63.29831582
2,822,Tanqueray,2,1,26.99,0,0,13,38,19.99,759.62,0.783921569,66.33316658
2,822,Tanqueray,3,1,26.99,0,0,38,37,19.99,739.63,0.533066667,97.54877439
2,822,Tanqueray,4,5,134.95,0,0,37,32,99.95,639.68,2.897101449,17.94897449
2,822,Tanqueray,5,1,26.99,0,0,32,31,19.99,619.69,0.634603175,81.94097049
2,822,Tanqueray,6,8,215.92,0,0,82,78,166.08,1619.28,2.076,25.04816956
2,822,Tanqueray,7,2,53.98,0,0,13,24,41.52,498.24,2.244324324,23.16955684
2,822,Tanqueray,8,3,80.97,0,0,24,21,62.28,435.96,2.768,18.78612717
2,822,Tanqueray,9,3,80.97,0,0,21,18,62.28,373.68,3.193846154,16.28131021
2,857,Kahlua,1,4,63.96,0,0,50,48,46.68,560.16,0.952653061,54.58440446
2,857,Kahlua,2,4,63.96,48,560.16,70,130,46.68,1517.1,0.4668,111.3967438
2,857,Kahlua,3,18,413.82,108,1746.36,345,450,291.06,7276.5,0.732226415,71.0162853
2,857,Kahlua,4,2,47.98,0,0,50,73,32.34,1180.41,0.525853659,98.88682746
2,857,Kahlua,5,2,47.98,0,0,73,71,32.34,1148.07,0.449166667,115.7699443
2,857,Kahlua,6,3,71.97,0,0,71,68,48.51,1099.56,0.697985612,74.50010307
2,857,Kahlua,7,4,47.96,0,0,56,54,35.8,483.3,0.650909091,79.88826816
2,857,Kahlua,8,28,335.72,48,429.6,74,102,250.6,912.9,2.847727273,18.26017558
2,857,Kahlua,9,1,11.99,0,0,23,27,8.95,241.65,0.358,145.2513966
2,984,Patron XO Cafe Liqueur,1,2,31.98,0,0,10,8,24.22,96.88,2.691111111,19.32287366
2,984,Patron XO Cafe Liqueur,2,18,467.82,54,1114.02,120,198,371.34,4084.74,2.335471698,22.26530942
2,984,Patron XO Cafe Liqueur,3,1,26.99,0,0,33,32,20.63,660.16,0.634769231,81.91953466
2,984,Patron XO Cafe Liqueur,4,20,539.8,24,495.12,132,134,412.6,2764.42,3.102255639,16.76199709
2,984,Patron XO Cafe Liqueur,5,2,53.98,0,0,33,32,41.26,660.16,1.269538462,40.95976733
2,984,Patron XO Cafe Liqueur,6,4,139.96,0,0,20,18,109.36,492.12,5.755789474,9.034381858
2,984,Patron XO Cafe Liqueur,7,2,69.98,0,0,3,4,54.68,109.36,15.62285714,3.328456474
2,984,Patron XO Cafe Liqueur,8,1,34.99,0,0,4,3,27.34,82.02,7.811428571,6.656912948
2,984,Patron XO Cafe Liqueur,9,1,18.99,0,0,18,17,10.29,174.93,0.588,88.43537415
3,44854,Duckhorn Merlot Napa,1,4,231.96,0,0,58,84,141.48,2971.08,1.992676056,26.09556121
3,44854,Duckhorn Merlot Napa,2,1,57.99,0,0,28,27,35.37,954.99,1.286181818,40.42974272
3,44854,Duckhorn Merlot Napa,3,1,57.99,0,0,27,26,35.37,919.62,1.334716981,38.95957026
3,44854,Duckhorn Merlot Napa,4,48,2783.52,48,1697.76,104,104,1697.76,3678.48,16.32461538,3.185373669
3,44854,Duckhorn Merlot Napa,5,4,63.96,0,0,74,72,30.84,555.12,0.422465753,123.0869001
3,44854,Duckhorn Merlot Napa,6,2,31.98,0,0,12,22,15.42,169.62,0.907058824,57.32814527
3,44854,Duckhorn Merlot Napa,7,2,31.98,0,0,22,20,15.42,154.2,0.734285714,70.81712062
3,44854,Duckhorn Merlot Napa,8,1,15.99,0,0,20,19,7.71,146.49,0.395384615,131.5175097
3,44854,Duckhorn Merlot Napa,9,4,59.96,0,0,42,60,41.36,620.4,0.810980392,64.11992263
3,38546,Mark West Pnt Nr Sonoma,1,1,28.99,0,0,6,5,15.68,78.4,2.850909091,18.23979592
3,38546,Mark West Pnt Nr Sonoma,2,8,75.92,0,0,130,126,40.48,637.56,0.31625,164.4268775
3,38546,Mark West Pnt Nr Sonoma,3,1,9.99,0,0,21,41,5.06,207.46,0.163225806,318.5770751
3,38546,Mark West Pnt Nr Sonoma,4,2,19.98,0,0,41,39,10.12,197.34,0.253,205.5335968
3,38546,Mark West Pnt Nr Sonoma,5,4,39.96,0,0,39,35,20.24,177.1,0.547027027,95.05928854
3,38546,Mark West Pnt Nr Sonoma,6,1,9.99,0,0,35,34,5.06,172.04,0.146666667,354.5454545
3,38546,Mark West Pnt Nr Sonoma,7,3,38.97,0,0,46,43,19.77,283.37,0.444269663,117.0460293
3,38546,Mark West Pnt Nr Sonoma,8,3,38.97,0,0,43,40,19.77,263.6,0.476385542,109.1552858
3,38546,Mark West Pnt Nr Sonoma,9,1,12.99,0,0,40,39,6.59,257.01,0.166835443,311.6843703
3,33149,Alamos Ridge Malbec Mendoza,1,4,35.96,0,0,104,102,19.16,488.58,0.186019417,279.5407098
3,33149,Alamos Ridge Malbec Mendoza,2,1,9.99,0,0,17,33,4.79,158.07,0.1916,271.3987474
3,33149,Alamos Ridge Malbec Mendoza,3,1,9.99,0,0,33,32,4.79,153.28,0.147384615,352.8183716
3,33149,Alamos Ridge Malbec Mendoza,4,1,9.99,0,0,32,31,4.79,148.49,0.152063492,341.9624217
3,33149,Alamos Ridge Malbec Mendoza,5,4,39.96,0,0,66,96,25.96,623.04,0.320493827,162.2496148
3,33149,Alamos Ridge Malbec Mendoza,6,1,9.99,0,0,32,31,6.49,201.19,0.206031746,252.3882897
3,33149,Alamos Ridge Malbec Mendoza,7,2,19.98,0,0,31,29,12.98,188.21,0.432666667,120.1848998
3,33149,Alamos Ridge Malbec Mendoza,8,1,9.99,0,0,29,28,6.49,181.72,0.227719298,228.3513097
3,33149,Alamos Ridge Malbec Mendoza,9,1,15.99,0,0,40,39,8.27,322.53,0.209367089,248.3675937
3,11219,Josh Cellars Cab Svgn Sonoma,1,4,87.96,0,0,70,102,46.84,1194.42,0.544651163,95.47395389
3,11219,Josh Cellars Cab Svgn Sonoma,2,1,21.99,0,0,34,33,11.71,386.43,0.349552239,148.7617421
3,11219,Josh Cellars Cab Svgn Sonoma,3,1,21.99,0,0,33,32,11.71,374.72,0.360307692,144.3210931
3,11219,Josh Cellars Cab Svgn Sonoma,4,3,65.97,0,0,32,29,35.13,339.59,1.151803279,45.14659835
3,11219,Josh Cellars Cab Svgn Sonoma,5,4,59.96,0,0,92,90,33.76,759.6,0.370989011,140.1658768
3,11219,Josh Cellars Cab Svgn Sonoma,6,1,14.99,0,0,15,29,8.44,244.76,0.383636364,135.5450237
3,11219,Josh Cellars Cab Svgn Sonoma,7,1,14.99,0,0,29,28,8.44,236.32,0.296140351,175.5924171
3,11219,Josh Cellars Cab Svgn Sonoma,8,4,59.96,0,0,28,24,33.76,202.56,1.298461538,40.04739336
3,11219,Josh Cellars Cab Svgn Sonoma,9,20,299.8,48,405.12,110,138,168.8,1164.72,1.361290323,38.19905213
3,8910,Finlandia Vodka,1,148,146.52,0,0,716,642,113.96,494.34,0.167835052,309.8280098
3,8910,Finlandia Vodka,2,33,32.67,0,0,107,181,25.41,139.37,0.176458333,294.6871311
3,8910,Finlandia Vodka,3,88,87.12,480,369.6,920,1312,67.76,1010.24,0.060716846,856.4344746
3,8910,Finlandia Vodka,4,20,19.8,0,0,377,357,15.4,274.89,0.041961853,1239.220779
3,8910,Finlandia Vodka,5,9,8.91,0,0,357,348,6.93,267.96,0.019659574,2645.021645
3,8910,Finlandia Vodka,6,24,47.76,0,0,382,549,35.04,801.54,0.075273899,690.8105023
3,8910,Finlandia Vodka,7,7,13.93,0,0,549,542,10.22,791.32,0.018735105,2775.53816
3,8910,Finlandia Vodka,8,3,5.97,0,0,542,539,4.38,786.94,0.008103608,6416.894977
3,8910,Finlandia Vodka,9,4,7.96,0,0,539,535,5.84,781.1,0.010875233,4781.506849
3,8726,Baileys Irish Cream,1,24,47.76,0,0,472,690,34.32,986.7,0.059070568,880.3030303
3,8726,Baileys Irish Cream,2,15,29.85,0,0,230,215,21.45,307.45,0.096404494,539.3939394
3,8726,Baileys Irish Cream,3,13,25.87,0,0,215,202,18.59,288.86,0.089160671,583.2167832
3,8726,Baileys Irish Cream,4,15,29.85,0,0,202,187,21.45,267.41,0.110282776,471.5151515
3,8726,Baileys Irish Cream,5,20,39.8,316,451.88,1044,1192,28.6,1704.56,0.025581395,2032.727273
3,8726,Baileys Irish Cream,6,9,161.91,108,1014.12,237,270,84.51,2535.3,0.333372781,155.9815406
3,8726,Baileys Irish Cream,7,1,17.99,0,0,15,44,9.39,413.16,0.318305085,163.3652822
3,8726,Baileys Irish Cream,8,2,35.98,0,0,44,42,18.78,394.38,0.436744186,119.0628328
3,8726,Baileys Irish Cream,9,2,35.98,0,0,42,40,18.78,375.6,0.45804878,113.5250266
3,8203,Grand Marnier,1,28,41.72,0,0,378,546,29.96,584.22,0.064848485,801.8691589
3,8203,Grand Marnier,2,6,8.94,0,0,182,176,6.42,188.32,0.035865922,1449.844237
3,8203,Grand Marnier,3,16,23.84,464,496.48,1152,1376,17.12,1472.32,0.013544304,3839.252336
3,8203,Grand Marnier,4,2,2.98,0,0,288,398,2.14,425.86,0.006239067,8334.579439
3,8203,Grand Marnier,5,4,11.96,0,0,214,318,6.04,480.18,0.022706767,2290.066225
3,8203,Grand Marnier,6,5,14.95,0,0,106,101,7.55,152.51,0.07294686,712.8476821
3,8203,Grand Marnier,7,2,5.98,0,0,101,99,3.02,149.49,0.0302,1721.854305
3,8203,Grand Marnier,8,4,11.96,480,724.8,872,1110,6.04,1676.1,0.006094854,8531.788079
3,8203,Grand Marnier,9,4,99.96,0,0,62,60,66.64,999.6,1.092459016,47.59903962
3,8184,Kahlua,1,20,39.8,0,0,710,1050,31,1627.5,0.035227273,1476.129032
3,8184,Kahlua,2,8,15.92,0,0,350,342,12.4,530.1,0.03583815,1450.967742
3,8184,Kahlua,3,1,1.99,0,0,342,341,1.55,528.55,0.004538799,11456.77419
3,8184,Kahlua,4,5,9.95,0,0,341,336,7.75,520.8,0.022895126,2271.225806
3,8184,Kahlua,5,5,9.95,0,0,336,331,7.75,513.05,0.023238381,2237.677419
3,8184,Kahlua,6,1,25.99,0,0,16,31,18.51,573.81,0.787659574,66.01836845
3,8184,Kahlua,7,3,77.97,0,0,31,28,55.53,518.28,1.882372881,27.62470737
3,8184,Kahlua,8,3,77.97,0,0,28,25,55.53,462.75,2.095471698,24.81541509
3,8184,Kahlua,9,4,103.96,0,0,98,96,74.04,1776.96,0.763298969,68.12533766
3,8101,Tanqueray,1,108,139.32,1080,1004.4,3078,3402,100.44,3163.86,0.031,1677.419355
3,8101,Tanqueray,2,20,25.8,0,0,189,547,18.6,508.71,0.050543478,1028.817204
3,8101,Tanqueray,3,14,18.06,0,0,547,533,13.02,495.69,0.024111111,2156.682028
3,8101,Tanqueray,4,7,9.03,0,0,533,526,6.51,489.18,0.012294618,4229.493088
3,8101,Tanqueray,5,32,41.28,28,26.04,2102,2098,29.76,1951.14,0.014171429,3669.354839
3,8101,Tanqueray,6,24,47.76,0,0,428,624,35.28,917.28,0.067072243,775.2834467
3,8101,Tanqueray,7,18,35.82,0,0,208,190,26.46,279.3,0.132964824,391.0808768
3,8101,Tanqueray,8,4,7.96,0,0,190,186,5.88,273.42,0.031276596,1662.585034
3,8101,Tanqueray,9,7,13.93,0,0,186,179,10.29,263.13,0.056383562,922.2546161
3,8053,Seagrams 7 Crown,1,8,7.92,0,0,684,1020,6.08,775.2,0.00713615,7286.842105
3,8053,Seagrams 7 Crown,2,9,8.91,0,0,340,331,6.84,251.56,0.020387481,2550.584795
3,8053,Seagrams 7 Crown,3,8,7.92,0,0,331,323,6.08,245.48,0.018593272,2796.710526
3,8053,Seagrams 7 Crown,4,7,6.93,0,0,323,316,5.32,240.16,0.016651017,3122.932331
3,8053,Seagrams 7 Crown,5,1,0.99,0,0,316,315,0.76,239.4,0.002408875,21586.84211
3,8053,Seagrams 7 Crown,6,9,8.91,0,0,148,139,6.75,104.25,0.047038328,1105.481481
3,8053,Seagrams 7 Crown,7,4,3.96,0,0,139,135,3,101.25,0.02189781,2374.666667
3,8053,Seagrams 7 Crown,8,14,13.86,0,0,135,121,10.5,90.75,0.08203125,633.9047619
3,8053,Seagrams 7 Crown,9,1,2.99,0,0,223,222,2.3,510.6,0.010337079,5030.434783
4,5138,Fireball Cinnamon Whisky,1,8,79.92,0,0,64,90,52.88,594.9,0.686753247,75.71860817
4,5138,Fireball Cinnamon Whisky,2,2,17.98,0,0,30,28,13.22,185.08,0.455862069,114.0695915
4,5138,Fireball Cinnamon Whisky,3,23,321.77,0,0,239,216,255.3,2397.6,1.122197802,46.33764199
4,5138,Fireball Cinnamon Whisky,4,80,1119.2,280,3108,748,948,888,10522.8,1.047169811,49.65765766
4,5138,Fireball Cinnamon Whisky,5,32,447.68,144,1598.4,920,1032,355.2,11455.2,0.363934426,142.8828829
4,5138,Fireball Cinnamon Whisky,6,32,447.68,0,0,340,486,355.2,5394.6,0.860048426,60.46171171
4,5138,Fireball Cinnamon Whisky,7,23,321.77,0,0,262,239,255.3,2652.9,1.019161677,51.02232667
4,5138,Fireball Cinnamon Whisky,8,1,22.99,0,0,13,12,17.45,209.4,1.396,37.24928367
4,5138,Fireball Cinnamon Whisky,9,4,91.96,0,0,44,42,69.8,732.9,1.623255814,32.03438395
4,5197,Southern Comfort,1,1,15.99,0,0,46,45,10.44,469.8,0.229450549,226.6283525
4,5197,Southern Comfort,2,16,255.84,40,417.6,164,188,167.04,1962.72,0.949090909,54.78927203
4,5197,Southern Comfort,3,4,63.96,0,0,78,114,41.76,1190.16,0.435,119.5402299
4,5197,Southern Comfort,4,4,63.96,0,0,50,46,41.76,480.24,0.87,59.77011494
4,5197,Southern Comfort,5,2,15.98,0,0,54,52,11.5,299,0.216981132,239.6521739
4,5197,Southern Comfort,6,4,31.96,0,0,62,58,23,333.5,0.383333333,135.6521739
4,5197,Southern Comfort,7,4,31.96,0,0,58,54,23,310.5,0.410714286,126.6086957
4,5197,Southern Comfort,8,1,7.99,0,0,52,51,5.75,293.25,0.111650485,465.7391304
4,5197,Southern Comfort,9,8,63.92,0,0,128,186,46,1069.5,0.292993631,177.4782609
4,5152,Patron Citronge Mango Liquer,1,8,7.92,0,0,220,212,5.76,152.64,0.026666667,1950
4,5152,Patron Citronge Mango Liquer,2,6,5.94,0,0,239,233,4.32,167.76,0.018305085,2840.740741
4,5152,Patron Citronge Mango Liquer,3,7,6.93,0,0,123,239,5.04,172.08,0.027845304,1867.460317
4,5152,Patron Citronge Mango Liquer,4,13,12.87,0,0,233,220,9.36,158.4,0.041324503,1258.333333
4,5152,Patron Citronge Mango Liquer,5,24,23.76,0,0,750,738,17.28,531.36,0.023225806,2238.888889
4,5152,Patron Citronge Mango Liquer,6,1,7.99,0,0,9,8,6.05,48.4,0.711764706,73.05785124
4,5152,Patron Citronge Mango Liquer,7,1,7.99,0,0,10,9,6.05,54.45,0.636842105,81.65289256
4,5152,Patron Citronge Mango Liquer,8,8,66.32,0,0,64,90,49.92,561.6,0.648311688,80.20833333
4,5152,Patron Citronge Mango Liquer,9,1,8.29,0,0,29,28,6.24,174.72,0.218947368,237.5
4,5298,Southern Comfort 100 Proof,1,8,151.92,44,561.88,106,142,102.16,1813.34,0.823870968,63.11667972
4,5298,Southern Comfort 100 Proof,2,4,75.96,0,0,14,24,51.08,306.48,2.688421053,19.3422083
4,5298,Southern Comfort 100 Proof,3,2,37.98,0,0,24,22,25.54,280.94,1.110434783,46.82850431
4,5298,Southern Comfort 100 Proof,4,2,37.98,0,0,40,38,25.54,485.26,0.654871795,79.40485513
4,5298,Southern Comfort 100 Proof,5,8,143.92,0,0,88,84,102.16,1072.68,1.187906977,43.77447142
4,5298,Southern Comfort 100 Proof,6,3,71.97,0,0,52,49,45.78,747.74,0.906534653,57.36129314
4,5298,Southern Comfort 100 Proof,7,8,191.92,240,3662.4,568,684,122.08,10437.84,0.195015974,266.6448231
4,5298,Southern Comfort 100 Proof,8,44,1055.56,120,1831.2,272,310,671.44,4730.6,2.307353952,22.53663767
4,5298,Southern Comfort 100 Proof,9,24,495.76,0,0,116,156,366.24,2380.56,2.692941176,19.30974225
4,5353,Grand Marnier,1,2,37.98,0,0,21,19,25.54,242.63,1.277,40.72043853
4,5353,Grand Marnier,2,1,18.99,0,0,19,18,12.77,229.86,0.69027027,75.33281128
4,5353,Grand Marnier,3,1,9.99,0,0,69,68,7.14,485.52,0.104233577,498.8795518
4,5353,Grand Marnier,4,8,79.92,0,0,130,126,57.12,899.64,0.44625,116.5266106
4,5353,Grand Marnier,5,4,39.96,0,0,55,69,28.56,492.66,0.460645161,112.8851541
4,5353,Grand Marnier,6,2,27.98,0,0,13,11,15.7,86.35,1.308333333,39.74522293
4,5353,Grand Marnier,7,2,27.98,0,0,15,13,15.7,102.05,1.121428571,46.36942675
4,5353,Grand Marnier,8,1,13.99,0,0,16,15,7.85,117.75,0.506451613,102.6751592
4,5353,Grand Marnier,9,4,115.96,0,0,238,354,79.4,7026.9,0.268243243,193.8539043
4,5365,Kahlua,1,12,383.88,0,0,112,100,276.84,2307,2.611698113,19.91041757
4,5365,Kahlua,2,28,879.72,0,0,398,384,645.96,8858.88,1.652071611,31.47563317
4,5365,Kahlua,3,6,191.94,0,0,118,112,138.42,2583.84,1.203652174,43.20184944
4,5365,Kahlua,4,6,119.94,0,0,251,245,89.04,3635.8,0.359032258,144.8337826
4,5365,Kahlua,5,6,119.94,0,0,257,251,89.04,3724.84,0.350551181,148.3378257
4,5365,Kahlua,6,12,231.88,0,0,522,774,178.08,11486.16,0.274814815,189.2183288
4,5365,Kahlua,7,1,9.99,0,0,56,55,5.83,320.65,0.105045045,495.025729
4,5365,Kahlua,8,2,19.98,0,0,12,22,11.66,128.26,0.685882353,75.81475129
4,5365,Kahlua,9,16,159.84,96,559.68,104,184,93.28,1072.72,0.647777778,80.27444254
4,5399,Goldschlager Cinnamon Schna,1,28,447.72,20,240.4,178,164,336.56,1971.28,1.968187135,26.42025196
4,5399,Goldschlager Cinnamon Schna,2,20,319.8,0,0,172,162,240.4,1947.24,1.439520958,36.12312812
4,5399,Goldschlager Cinnamon Schna,3,40,639.6,20,240.4,142,186,480.8,2235.72,2.931707317,17.73710483
4,5399,Goldschlager Cinnamon Schna,4,4,71.96,0,0,86,126,54.52,1717.38,0.514339623,101.1005136
4,5399,Goldschlager Cinnamon Schna,5,3,59.97,0,0,42,39,40.89,531.57,1.00962963,51.50403522
4,5399,Goldschlager Cinnamon Schna,6,10,19.9,0,0,187,177,14.5,256.65,0.07967033,652.6896552
4,5399,Goldschlager Cinnamon Schna,7,16,31.84,0,0,638,630,23.2,913.5,0.03659306,1421.034483
4,5399,Goldschlager Cinnamon Schna,8,7,13.93,0,0,177,170,10.15,246.5,0.058501441,888.8669951
4,5399,Goldschlager Cinnamon Schna,9,5,29.95,0,0,81,116,23.2,538.24,0.235532995,220.7758621
4,5445,Jagermeister Liqueur,1,6,35.94,0,0,25,44,27.84,204.16,0.806956522,64.43965517
4,5445,Jagermeister Liqueur,2,1,19.99,0,0,9,26,14.49,376.74,0.828,62.80193237
4,5445,Jagermeister Liqueur,3,9,179.91,54,782.46,147,162,130.41,2347.38,0.84407767,61.60570508
4,5445,Jagermeister Liqueur,4,1,19.99,0,0,24,23,14.49,333.27,0.616595745,84.33402346
4,5445,Jagermeister Liqueur,5,1,19.99,0,0,25,24,14.49,347.76,0.591428571,87.92270531
4,5445,Jagermeister Liqueur,6,1,19.99,0,0,26,25,14.49,362.25,0.568235294,91.51138716
4,5445,Jagermeister Liqueur,7,8,127.92,48,564.48,608,648,94.08,7620.48,0.149808917,347.1088435
4,5445,Jagermeister Liqueur,8,4,63.96,0,0,151,147,47.04,1728.72,0.315704698,164.7108844
4,5445,Jagermeister Liqueur,9,11,175.89,0,0,168,157,129.36,1846.32,0.796061538,65.32158318
4,5489,DeKuyper Hot Damn Cinnamon,1,2,21.98,0,0,64,62,15.7,486.7,0.249206349,208.6624204
4,5489,DeKuyper Hot Damn Cinnamon,2,1,10.99,0,0,65,64,7.85,502.4,0.121705426,427.2611465
4,5489,DeKuyper Hot Damn Cinnamon,3,4,43.96,0,0,138,204,31.4,1601.4,0.183625731,283.1847134
4,5489,DeKuyper Hot Damn Cinnamon,4,1,10.99,0,0,66,65,7.85,510.25,0.119847328,433.8853503
4,5489,DeKuyper Hot Damn Cinnamon,5,2,21.98,0,0,68,66,15.7,518.1,0.234328358,221.910828
4,5489,DeKuyper Hot Damn Cinnamon,6,1,9.99,0,0,37,36,7.57,272.52,0.20739726,250.7265522
4,5489,DeKuyper Hot Damn Cinnamon,7,1,9.99,0,0,36,35,7.57,264.95,0.213239437,243.8573316
4,5489,DeKuyper Hot Damn Cinnamon,8,1,9.99,0,0,19,37,7.57,280.09,0.270357143,192.338177
4,5489,DeKuyper Hot Damn Cinnamon,9,1,0.99,0,0,146,145,0.76,110.2,0.005223368,9955.263158
4,5539,DeKuyper Hot Damn 100*,1,1,0.99,0,0,147,146,0.76,110.96,0.005187713,10023.68421
4,5539,DeKuyper Hot Damn 100*,2,4,5.96,0,0,502,750,4.6,862.5,0.007348243,7076.521739
4,5539,DeKuyper Hot Damn 100*,3,2,2.98,0,0,249,247,2.3,284.05,0.009274194,5606.956522
4,5539,DeKuyper Hot Damn 100*,4,1,1.49,0,0,250,249,1.15,286.35,0.004609218,11281.73913
4,5539,DeKuyper Hot Damn 100*,5,1,1.49,0,0,247,246,1.15,282.9,0.004665314,11146.08696
4,5539,DeKuyper Hot Damn 100*,6,4,51.96,48,402.72,118,162,33.56,1359.18,0.239714286,216.9249106
4,5539,DeKuyper Hot Damn 100*,7,1,12.99,0,0,46,45,8.39,377.55,0.184395604,282.0023838
4,5539,DeKuyper Hot Damn 100*,8,4,51.96,0,0,50,72,33.56,604.08,0.550163934,94.51728248
4,5539,DeKuyper Hot Damn 100*,9,1,38.99,0,0,10,9,25.36,228.24,2.669473684,19.47949527
5,8124,Mouton Cadet White Brdx,1,1,10.99,0,0,8,7,6.75,47.25,0.9,57.77777778
5,8124,Mouton Cadet White Brdx,2,1,10.99,0,0,9,8,6.75,54,0.794117647,65.48148148
5,8124,Mouton Cadet White Brdx,3,5,6.45,0,0,84,79,4.65,73.47,0.057055215,911.3978495
5,8124,Mouton Cadet White Brdx,4,16,20.64,0,0,176,252,14.88,234.36,0.06953271,747.8494624
5,8124,Mouton Cadet White Brdx,5,4,103.96,48,888.48,34,78,74.04,1443.78,1.322142857,39.33009184
5,8124,Mouton Cadet White Brdx,6,4,7.96,480,744,498,974,6.2,1509.7,0.008423913,6172.903226
5,8124,Mouton Cadet White Brdx,7,9,17.91,0,0,74,65,13.95,100.75,0.200719424,259.0681004
5,8124,Mouton Cadet White Brdx,8,14,27.86,0,0,88,74,21.7,114.7,0.267901235,194.1013825
5,8124,Mouton Cadet White Brdx,9,4,7.96,0,0,178,264,6.2,409.2,0.028054299,1853.548387
5,8202,Sambuca Romana,1,1,18.99,0,0,22,21,13.17,276.57,0.61255814,84.88990129
5,8202,Sambuca Romana,2,3,59.97,0,0,18,33,39.99,439.89,1.568235294,33.15828957
5,8202,Sambuca Romana,3,8,159.92,0,0,112,108,106.64,1439.64,0.969454545,53.6384096
5,8202,Sambuca Romana,4,5,14.95,0,0,178,173,7.55,261.23,0.043019943,1208.741722
5,8202,Sambuca Romana,5,9,26.91,0,0,173,164,13.59,247.64,0.080652819,644.7387785
5,8202,Sambuca Romana,6,3,8.97,0,0,164,161,4.53,243.11,0.027876923,1865.342163
5,8202,Sambuca Romana,7,16,47.84,0,0,364,534,24.16,806.34,0.053808463,966.3907285
5,8202,Sambuca Romana,8,8,23.92,0,0,118,114,17.44,248.52,0.150344828,345.8715596
5,8202,Sambuca Romana,9,4,79.96,48,639.84,176,198,53.32,2639.34,0.28513369,182.3705926
5,8264,Ch Ste Michelle Rsl,1,18,161.82,108,579.96,186,324,96.66,1739.88,0.379058824,137.1818746
5,8264,Ch Ste Michelle Rsl,2,1,11.99,0,0,54,53,5.37,284.61,0.100373832,518.0633147
5,8264,Ch Ste Michelle Rsl,3,20,239.8,48,257.76,240,254,107.4,1363.98,0.434817814,119.5903166
5,8264,Ch Ste Michelle Rsl,4,7,83.93,0,0,63,56,37.59,300.72,0.631764706,82.30912477
5,8264,Ch Ste Michelle Rsl,5,4,47.96,0,0,60,63,21.48,338.31,0.349268293,148.8826816
5,8264,Ch Ste Michelle Rsl,6,4,39.96,44,251.24,276,316,22.84,1804.36,0.077162162,673.9054291
5,8264,Ch Ste Michelle Rsl,7,4,39.96,0,0,68,64,22.84,365.44,0.346060606,150.262697
5,8264,Ch Ste Michelle Rsl,8,8,79.92,0,0,116,168,45.68,959.28,0.321690141,161.6462347
5,8264,Ch Ste Michelle Rsl,9,12,119.88,40,228.4,238,266,68.52,1518.86,0.271904762,191.2434326
5,8438,Capt Morgan White Grapefruit,1,2,19.98,0,0,70,68,11.42,388.28,0.165507246,314.1856392
5,8438,Capt Morgan White Grapefruit,2,1,0.99,0,0,55,109,0.72,78.48,0.008780488,5922.222222
5,8438,Capt Morgan White Grapefruit,3,3,2.97,0,0,105,102,2.16,73.44,0.020869565,2491.666667
5,8438,Capt Morgan White Grapefruit,4,4,3.96,0,0,332,330,2.88,237.6,0.008700906,5976.388889
5,8438,Capt Morgan White Grapefruit,5,4,3.96,0,0,109,105,2.88,75.6,0.026915888,1931.944444
5,8438,Capt Morgan White Grapefruit,6,2,24.98,0,0,16,14,17.84,124.88,1.189333333,43.72197309
5,8438,Capt Morgan White Grapefruit,7,8,99.92,0,0,40,54,71.36,481.68,1.518297872,34.24887892
5,8438,Capt Morgan White Grapefruit,8,2,24.98,0,0,18,16,17.84,142.72,1.049411765,49.55156951
5,8438,Capt Morgan White Grapefruit,9,1,5.99,0,0,16,31,4.64,143.84,0.197446809,263.362069
5,8985,J Roget Spumante,1,8,63.92,0,0,76,72,43.2,388.8,0.583783784,89.07407407
5,8985,J Roget Spumante,2,4,31.96,16,86.4,96,102,21.6,550.8,0.218181818,238.3333333
5,8985,J Roget Spumante,3,12,95.88,12,64.8,84,84,64.8,453.6,0.771428571,67.40740741
5,8985,J Roget Spumante,4,3,23.97,0,0,12,21,16.2,113.4,0.981818182,52.96296296
5,8985,J Roget Spumante,5,3,4.47,0,0,46,89,3.36,99.68,0.049777778,1044.642857
5,8985,J Roget Spumante,6,56,83.44,0,0,304,276,62.72,309.12,0.216275862,240.4336735
5,8985,J Roget Spumante,7,72,431.28,140,621.6,212,318,319.68,1411.92,1.206339623,43.10560561
5,8985,J Roget Spumante,8,12,71.88,92,408.48,402,440,53.28,1953.6,0.126555819,410.8858859
5,8985,J Roget Spumante,9,52,311.48,40,177.6,312,334,230.88,1482.96,0.714798762,72.74774775
5,11213,Meiomi Pnt Nr,1,8,87.92,24,141.6,168,184,47.2,1085.6,0.268181818,193.8983051
5,11213,Meiomi Pnt Nr,2,4,43.96,20,118,144,152,23.6,896.8,0.159459459,326.1016949
5,11213,Meiomi Pnt Nr,3,27,296.73,54,318.6,147,234,159.3,1380.6,0.836220472,62.18455744
5,11213,Meiomi Pnt Nr,4,9,98.91,0,0,44,39,53.1,230.1,1.279518072,40.64030132
5,11213,Meiomi Pnt Nr,5,3,65.97,0,0,15,12,37.98,151.92,2.813333333,18.48341232
5,11213,Meiomi Pnt Nr,6,1,21.99,0,0,8,15,12.66,189.9,1.100869565,47.23538705
5,11213,Meiomi Pnt Nr,7,4,75.96,0,0,50,48,50.64,607.68,1.033469388,50.31595577
5,11213,Meiomi Pnt Nr,8,4,87.96,48,607.68,92,114,50.64,1443.24,0.491650485,105.7661927
5,11213,Meiomi Pnt Nr,9,3,29.97,0,0,9,15,16.65,83.25,1.3875,37.47747748
5,11219,Josh Cellars Cab Svgn Sonoma,1,4,39.96,48,293.76,52,74,24.48,452.88,0.388571429,133.8235294
5,11219,Josh Cellars Cab Svgn Sonoma,2,1,9.99,0,0,3,2,6.12,12.24,2.448,21.24183007
5,11219,Josh Cellars Cab Svgn Sonoma,3,4,39.96,0,0,56,54,22.2,299.7,0.403636364,128.8288288
5,11219,Josh Cellars Cab Svgn Sonoma,4,3,29.97,0,0,17,14,16.65,77.7,1.074193548,48.40840841
5,11219,Josh Cellars Cab Svgn Sonoma,5,12,119.88,24,133.2,50,62,66.6,344.1,1.189285714,43.72372372
5,11219,Josh Cellars Cab Svgn Sonoma,6,4,39.96,0,0,15,11,22.2,61.05,1.707692308,30.45045045
5,11219,Josh Cellars Cab Svgn Sonoma,7,2,29.98,0,0,59,175,16.88,1477,0.144273504,360.4265403
5,11219,Josh Cellars Cab Svgn Sonoma,8,1,14.99,0,0,168,167,8.44,1409.48,0.05038806,1031.990521
5,11219,Josh Cellars Cab Svgn Sonoma,9,7,104.93,0,0,175,168,59.08,1417.92,0.344489796,150.9478673
5,14129,14 Hands Hot to Trot Red,1,16,127.84,24,115.68,20,28,77.12,134.96,3.213333333,16.18257261
5,14129,14 Hands Hot to Trot Red,2,12,95.88,48,231.36,34,70,57.84,337.4,1.112307692,46.74965422
5,14129,14 Hands Hot to Trot Red,3,4,31.96,0,0,8,4,19.28,19.28,3.213333333,16.18257261
5,14129,14 Hands Hot to Trot Red,4,8,63.92,0,0,12,12,38.56,57.84,3.213333333,16.18257261
5,14129,14 Hands Hot to Trot Red,5,2,43.98,0,0,7,5,22.5,56.25,3.75,13.86666667
5,14129,14 Hands Hot to Trot Red,6,2,43.98,0,0,6,4,22.5,45,4.5,11.55555556
5,14129,14 Hands Hot to Trot Red,7,8,159.92,0,0,10,6,90,67.5,11.25,4.622222222
5,14129,14 Hands Hot to Trot Red,8,4,43.96,0,0,92,90,24.04,540.9,0.264175824,196.8386023
5,14129,14 Hands Hot to Trot Red,9,1,13.99,0,0,8,7,8.72,61.04,1.162666667,44.72477064
5,14923,Five Oaks Pnt Nr Cal,1,2,13.98,0,0,46,53,9.38,248.57,0.189494949,274.4136461
5,14923,Five Oaks Pnt Nr Cal,2,4,27.96,0,0,122,120,18.76,562.8,0.155041322,335.3944563
5,14923,Five Oaks Pnt Nr Cal,3,3,20.97,0,0,20,37,14.07,173.53,0.493684211,105.3304904
5,14923,Five Oaks Pnt Nr Cal,4,4,27.96,40,187.6,184,202,18.76,947.38,0.097202073,534.9680171
5,14923,Five Oaks Pnt Nr Cal,5,2,20.98,0,0,21,40,9.2,184,0.301639344,172.3913043
5,14923,Five Oaks Pnt Nr Cal,6,4,27.96,0,0,128,126,18.4,579.6,0.14488189,358.9130435
5,14923,Five Oaks Pnt Nr Cal,7,1,10.49,0,0,40,39,4.6,179.4,0.116455696,446.5217391
5,14923,Five Oaks Pnt Nr Cal,8,4,35.96,0,0,26,24,23.2,139.2,0.928,56.03448276
5,14923,Five Oaks Pnt Nr Cal,9,48,181.92,0,0,24,0,121.92,0,10.16,5.118110236
5,16175,The Naked Grape Moscato,1,16,159.84,48,315.36,44,60,105.12,394.2,2.021538462,25.72298326
5,16175,The Naked Grape Moscato,2,8,79.92,92,604.44,86,170,52.56,1116.9,0.410625,126.6362253
5,16175,The Naked Grape Moscato,3,3,29.97,0,0,3,3,19.71,19.71,6.57,7.914764079
5,16175,The Naked Grape Moscato,4,8,79.92,0,0,11,11,52.56,72.27,4.778181818,10.88280061
5,16175,The Naked Grape Moscato,5,4,27.96,0,0,78,114,18.76,534.66,0.195416667,266.098081
5,16175,The Naked Grape Moscato,6,1,6.99,0,0,49,48,4.69,225.12,0.096701031,537.7398721
5,16175,The Naked Grape Moscato,7,4,27.96,40,187.6,172,190,18.76,891.1,0.103646409,501.7057569
5,16175,The Naked Grape Moscato,8,3,20.97,0,0,43,49,14.07,229.81,0.305869565,170.0071073
5,16175,The Naked Grape Moscato,9,1,10.99,0,0,14,13,6.84,88.92,0.506666667,102.6315789
